Name,Id,Birth,Gender,Address
조은주,16df52cecc,1980년 12월 16일,여성,서울특별시 강북구 13길 39
김은숙,c3584f6f74,1981년 12월 7일,남성,서울특별시 송파구 89길 97
박수지,5249946863,1994년 3월 4일,여성,서울특별시 강남구 77길 52
임영주,5a629f9c91,1990년 7월 26일,남성,서울특별시 양천구 53길 57
임영지,5c24c7ecb7,2003년 7월 16일,여성,대구광역시 동구 52길 57
한상지,c41ddfd527,1990년 7월 21일,남성,대구광역시 달성군 49길 70
이상재,527331b588,2007년 10월 8일,여성,서울특별시 서초구 10길 28
임상서,48f182f19d,1990년 5월 22일,여성,서울특별시 성동구 91길 74
오민훈,6094eac6f1,2008년 8월 18일,여성,서울특별시 광진구 4길 10
박현연,64fd7173f7,1996년 12월 14일,여성,서울특별시 강남구 16길 45
한은재,2c1cd04f34,1991년 5월 9일,남성,서울특별시 광진구 81길 45
최은지,9af0a5a348,1996년 1월 19일,여성,대구광역시 대구광역시 92길 13
오상연,6293fe74a5,2004년 1월 18일,남성,대구광역시 대구광역시 93길 16
정서연,8e025eb562,2009년 12월 30일,여성,대구광역시 북구 22길 46
이현서,e23397ee20,1993년 1월 25일,남성,서울특별시 마포구 21길 1
임영훈,eee6fc596b,1985년 5월 31일,여성,서울특별시 강서구 73길 75
한상별,2907d4e043,1994년 5월 29일,남성,서울특별시 금천구 75길 30
정영서,6764fac9bc,1992년 1월 17일,남성,대구광역시 북구 32길 78
정영별,84c0f8caaa,2000년 5월 16일,여성,대구광역시 대구광역시 10길 68
조수별,0d5d113c26,1983년 7월 30일,남성,서울특별시 종로구 39길 15
조수주,60af6f9b43,2007년 12월 27일,여성,대구광역시 중구 25길 100
최상훈,8f3907d67f,1997년 10월 12일,여성,서울특별시 관악구 59길 7
강수주,3ccb8e077e,1995년 2월 5일,남성,서울특별시 광진구 17길 31
조영지,e319b5d8ba,2000년 1월 26일,여성,서울특별시 은평구 34길 91
이서서,48c4abb6b9,1990년 7월 12일,여성,서울특별시 영등포구 55길 84
임상재,154e91ebd4,1991년 5월 24일,남성,서울특별시 강서구 87길 22
정현주,062df72fec,1982년 12월 29일,여성,서울특별시 송파구 33길 18
오은서,d19670845d,1984년 10월 22일,남성,서울특별시 용산구 79길 75
조영재,f0093fc4f4,1985년 12월 5일,여성,서울특별시 서대문구 67길 82
강상재,c03538dd55,1991년 1월 15일,여성,서울특별시 영등포구 39길 87
한민훈,8ecf8b2889,1996년 10월 18일,여성,서울특별시 강동구 97길 7
이현재,8d0d21c005,1991년 10월 29일,여성,서울특별시 성동구 82길 9
임수재,f197839950,1983년 1월 10일,여성,대구광역시 북구 36길 24
조은훈,696a9a27ee,1983년 2월 9일,여성,대구광역시 달성군 58길 40
오서연,b7b1eec415,1989년 5월 31일,여성,서울특별시 동대문구 89길 6
정수숙,163f13fe88,1995년 3월 31일,여성,서울특별시 광진구 53길 41
이상재,527331b588,1983년 7월 7일,남성,서울특별시 서초구 98길 42
조상연,bce745bd15,1999년 5월 9일,여성,서울특별시 금천구 55길 43
정현별,ab04260315,1998년 10월 18일,남성,대구광역시 서구 61길 1
강은재,0ded1134d5,1989년 3월 26일,남성,대구광역시 수성구 86길 70
임상연,aa50037a9d,1982년 10월 24일,남성,서울특별시 성동구 92길 79
김민숙,866003b51d,1992년 8월 18일,남성,서울특별시 도봉구 87길 86
박현재,5d842de4ad,1995년 1월 17일,남성,대구광역시 군위군 24길 100
조서숙,e27e8823c9,2005년 3월 2일,남성,대구광역시 수성구 6길 11
정수주,cf3760ad1c,1999년 1월 7일,여성,대구광역시 북구 42길 6
박수수,f8cbff5324,1989년 10월 31일,남성,서울특별시 마포구 81길 92
오영재,1b8789076d,1987년 3월 7일,여성,대구광역시 대구광역시 76길 37
김상지,e78c73d2db,1981년 1월 3일,여성,서울특별시 동대문구 66길 27
김은별,af18be8f76,2008년 3월 14일,남성,대구광역시 군위군 64길 68
오서연,b7b1eec415,2009년 12월 14일,남성,서울특별시 서울특별시 34길 34
박은연,c3b0c191f5,1991년 1월 14일,여성,대구광역시 서구 40길 95
정영주,124aa975e0,1989년 1월 6일,남성,서울특별시 중구 14길 40
이영서,71a840d0a6,1996년 3월 10일,남성,대구광역시 군위군 31길 91
최상주,b7dc5a0fd4,1989년 10월 20일,남성,대구광역시 동구 53길 76
임현수,27c2d41b2b,1999년 12월 3일,여성,서울특별시 강북구 76길 49
정상서,a7f418a2c8,2000년 5월 30일,남성,대구광역시 남구 1길 40
강민훈,a134ba8863,1992년 10월 3일,여성,서울특별시 구로구 48길 48
이영훈,4552b7b45c,1986년 5월 8일,여성,대구광역시 중구 26길 62
강은수,88c3a7a114,2003년 3월 15일,남성,서울특별시 도봉구 29길 50
한은숙,dc9dd0e36d,2006년 7월 14일,남성,대구광역시 동구 50길 94
오상서,6b20889404,1989년 2월 8일,여성,서울특별시 송파구 6길 5
오은연,2b61060ef2,1993년 5월 5일,남성,서울특별시 강서구 61길 73
최영별,f085f27d2c,1995년 10월 27일,여성,서울특별시 은평구 56길 60
강수주,3ccb8e077e,2005년 2월 19일,여성,대구광역시 북구 52길 14
정민서,6163beec28,1999년 7월 22일,남성,대구광역시 남구 73길 5
임서숙,2d3f09b121,1997년 10월 23일,여성,서울특별시 송파구 55길 46
이민지,e718cc752c,2007년 3월 5일,여성,서울특별시 금천구 39길 47
한영훈,95e99a31f3,2005년 8월 24일,여성,대구광역시 군위군 25길 78
조서지,b2499faec4,1999년 1월 13일,여성,서울특별시 영등포구 99길 87
김현재,71fa78481a,1993년 2월 26일,남성,대구광역시 달성군 93길 54
이상서,3fe57b4597,1992년 10월 15일,여성,서울특별시 용산구 57길 31
한영연,4b42afe7a6,2002년 2월 22일,여성,서울특별시 강서구 15길 62
조상서,40915ec9f8,1997년 5월 10일,여성,대구광역시 수성구 57길 75
정현별,ab04260315,1999년 5월 30일,남성,서울특별시 용산구 100길 28
한상숙,140643cb35,2003년 3월 2일,남성,대구광역시 중구 33길 76
한수연,c196ac69e8,1990년 8월 28일,남성,서울특별시 강동구 77길 74
오영연,a431017b40,1992년 3월 6일,여성,대구광역시 동구 62길 72
조은재,4af6a84c2c,1981년 2월 25일,여성,대구광역시 달서구 1길 38
한영주,8ef73e5a28,1994년 3월 28일,남성,대구광역시 북구 35길 66
박수지,5249946863,1987년 7월 1일,남성,서울특별시 광진구 57길 26
박영수,10b2e9e2d0,1994년 8월 9일,여성,서울특별시 서초구 12길 57
최서별,3763a9b9f9,2002년 7월 30일,여성,대구광역시 달성군 30길 73
최서재,0a5772a76b,1990년 5월 28일,여성,서울특별시 중구 4길 3
임은지,55212705b6,1982년 1월 26일,여성,대구광역시 북구 70길 2
조수지,549ee1bfdd,2006년 10월 12일,여성,대구광역시 남구 5길 84
임민주,7ed42fad28,1999년 3월 30일,여성,대구광역시 수성구 73길 78
김서지,790dfce735,1984년 3월 16일,여성,대구광역시 서구 46길 23
이상주,1b87614ad8,2001년 3월 3일,남성,대구광역시 대구광역시 81길 58
강현주,dd8ff38465,1990년 2월 28일,여성,서울특별시 중구 62길 64
박상훈,6a99d42a86,2002년 10월 28일,남성,서울특별시 관악구 24길 96
박현서,0df6cc4e2d,1988년 7월 25일,남성,대구광역시 달성군 61길 23
김민연,324f95aa44,1982년 10월 7일,남성,대구광역시 달서구 25길 50
이상숙,45a85aa5ff,2006년 12월 18일,여성,서울특별시 광진구 96길 27
이서재,1894e15510,2000년 10월 28일,남성,서울특별시 광진구 8길 59
김서연,6264ba2a65,1980년 12월 12일,여성,서울특별시 도봉구 35길 49
정수별,5ad5ff6d9e,2006년 1월 19일,여성,대구광역시 달성군 38길 8
정수숙,163f13fe88,1985년 1월 25일,여성,서울특별시 동작구 35길 48
이영수,9cf3b53033,1983년 3월 4일,남성,서울특별시 종로구 24길 15
강은숙,96a7d8dd84,1995년 10월 8일,여성,대구광역시 서구 56길 94
정상재,91edb70cf8,1980년 1월 2일,여성,대구광역시 북구 80길 16
한민별,25a9ff5ed5,2003년 1월 19일,남성,대구광역시 북구 80길 6
임영훈,eee6fc596b,1983년 7월 5일,남성,서울특별시 종로구 65길 99
박민재,e107443d22,1998년 8월 13일,남성,대구광역시 대구광역시 9길 79
김민서,b72509a81c,2000년 1월 20일,남성,서울특별시 용산구 3길 29
임상숙,52485d21f2,1997년 12월 27일,남성,서울특별시 서초구 14길 42
임영서,a41fa169f2,1995년 12월 11일,남성,대구광역시 달성군 51길 69
박서연,0d33b722b5,1986년 3월 23일,남성,서울특별시 서대문구 33길 82
강상주,f4f1bb5b99,1986년 12월 14일,여성,대구광역시 남구 48길 3
조은숙,1558239753,1983년 8월 26일,남성,서울특별시 서초구 48길 58
김영재,86bb904e9e,1996년 5월 16일,남성,서울특별시 노원구 78길 22
박민주,2a0630a3fc,1992년 12월 15일,여성,대구광역시 남구 52길 9
김은훈,3ad4441bb4,2009년 7월 5일,남성,대구광역시 동구 51길 52
조영별,a40ade856d,1981년 12월 23일,남성,서울특별시 금천구 61길 15
임서별,95a6d33a9f,2006년 8월 1일,남성,대구광역시 서구 50길 4
최서재,0a5772a76b,2003년 1월 21일,남성,대구광역시 달성군 98길 39
한현숙,e77df3a683,1995년 3월 21일,여성,서울특별시 용산구 9길 25
정상지,cc9dd84fe4,1982년 8월 10일,남성,대구광역시 중구 81길 58
임은재,287a3c73e4,1988년 3월 16일,남성,대구광역시 군위군 26길 84
오현숙,b1d1b3d30a,2008년 8월 9일,남성,서울특별시 송파구 93길 68
조민서,e906b26467,1998년 8월 24일,남성,서울특별시 은평구 28길 13
이서연,30e5f32f69,2004년 2월 20일,남성,서울특별시 강동구 51길 97
최서훈,ff435a4c0e,1988년 12월 31일,남성,서울특별시 송파구 56길 87
박상훈,6a99d42a86,1984년 7월 25일,남성,서울특별시 송파구 89길 96
김현수,853e78166b,1997년 1월 25일,남성,대구광역시 군위군 39길 74
박민수,565bd46dba,1988년 3월 26일,남성,서울특별시 동대문구 17길 94
정서별,04090bb4ba,1991년 8월 30일,여성,대구광역시 달서구 99길 25
한서재,8327bab9fa,1987년 8월 26일,여성,서울특별시 종로구 44길 88
한현재,88ee247569,2000년 3월 8일,남성,서울특별시 종로구 89길 33
강은수,88c3a7a114,2002년 1월 9일,남성,서울특별시 노원구 11길 39
박은숙,8c441d139f,2005년 1월 22일,남성,대구광역시 군위군 58길 43
조서지,b2499faec4,1996년 5월 3일,여성,대구광역시 중구 80길 22
오은훈,0f41a06d0e,1983년 10월 2일,남성,대구광역시 수성구 66길 82
조수숙,49d202eede,1994년 3월 27일,남성,서울특별시 강서구 20길 93
이은지,a2ec057f2c,2007년 5월 9일,여성,대구광역시 대구광역시 25길 83
조영지,e319b5d8ba,2002년 5월 13일,남성,대구광역시 중구 62길 32
김영수,35f155db37,1996년 3월 22일,남성,대구광역시 남구 85길 11
이영훈,4552b7b45c,2007년 2월 6일,남성,서울특별시 광진구 6길 34
임영주,5a629f9c91,2009년 8월 31일,여성,서울특별시 종로구 19길 47
이영숙,dfaa125a14,1989년 8월 17일,남성,대구광역시 군위군 76길 54
이서훈,16cb5f7795,1993년 5월 30일,여성,서울특별시 금천구 72길 69
임수훈,734e6aea25,1986년 10월 16일,남성,대구광역시 수성구 29길 53
박영주,939e299ba9,1988년 2월 2일,여성,대구광역시 대구광역시 17길 70
한영지,1b306f784d,1980년 1월 4일,여성,대구광역시 북구 20길 26
강서재,003c6bb237,1996년 10월 26일,여성,서울특별시 서울특별시 29길 88
이영서,71a840d0a6,1980년 8월 28일,남성,대구광역시 서구 90길 16
조현훈,93c3096341,1990년 7월 3일,남성,대구광역시 수성구 89길 44
김서서,f3dcfa5f2d,2002년 5월 2일,남성,대구광역시 달성군 87길 92
최민훈,ad193a76c2,1993년 8월 23일,여성,서울특별시 중랑구 7길 64
조영연,da5f56c522,1980년 1월 31일,여성,서울특별시 서울특별시 88길 82
최수훈,f6258161d4,2009년 7월 30일,여성,대구광역시 달서구 11길 98
강현서,81fb84b8c7,1993년 8월 26일,남성,서울특별시 도봉구 83길 61
정상주,3e7b7ecbe5,2008년 12월 25일,남성,대구광역시 북구 95길 57
조서숙,e27e8823c9,2005년 2월 28일,남성,서울특별시 성북구 83길 93
조영숙,8f61b7edb3,1984년 3월 27일,남성,대구광역시 서구 1길 18
최상연,a42b20c706,1997년 5월 13일,여성,대구광역시 남구 37길 76
강민훈,a134ba8863,1985년 10월 26일,여성,대구광역시 수성구 31길 54
박현별,a2b67fc630,1997년 3월 22일,여성,대구광역시 중구 1길 21
이민별,19077e717d,1994년 5월 13일,여성,서울특별시 송파구 25길 33
이현주,611e5aaa81,2003년 2월 18일,남성,대구광역시 수성구 51길 72
김상재,fedff20b7d,1997년 2월 24일,남성,서울특별시 강동구 49길 52
최은훈,1de19793ac,1988년 3월 7일,여성,대구광역시 서구 80길 67
임현숙,fc7e77a109,1986년 2월 4일,여성,서울특별시 서초구 74길 81
김서서,f3dcfa5f2d,1988년 2월 17일,남성,서울특별시 노원구 96길 6
정은수,3ee0cf5824,1996년 12월 13일,여성,대구광역시 군위군 68길 26
이영수,9cf3b53033,1983년 8월 14일,여성,서울특별시 영등포구 59길 52
한민별,25a9ff5ed5,1995년 5월 10일,여성,서울특별시 구로구 44길 41
조은서,5820639175,1989년 2월 15일,남성,대구광역시 대구광역시 13길 32
오영지,8e5d172f59,2007년 2월 1일,여성,서울특별시 구로구 89길 85
오영연,a431017b40,1981년 10월 11일,남성,대구광역시 북구 18길 72
박현연,64fd7173f7,1989년 3월 27일,남성,서울특별시 서대문구 64길 83
조서지,b2499faec4,1999년 3월 21일,여성,대구광역시 군위군 21길 45
김민서,b72509a81c,2007년 8월 15일,남성,대구광역시 서구 99길 1
박서연,0d33b722b5,2006년 3월 27일,여성,대구광역시 달서구 76길 70
김은지,f7d651f64a,1992년 3월 28일,남성,서울특별시 관악구 4길 63
이영별,01dec0acf5,1983년 2월 1일,남성,대구광역시 군위군 7길 89
이수서,c7883eff4a,1982년 5월 22일,남성,서울특별시 강남구 29길 25
정은수,3ee0cf5824,1991년 10월 2일,여성,서울특별시 강남구 68길 53
이은훈,5106dafa60,1989년 12월 20일,여성,대구광역시 동구 80길 68
이민서,f80142ac00,1990년 8월 8일,남성,대구광역시 달서구 81길 90
이서재,1894e15510,1985년 5월 27일,여성,서울특별시 중구 32길 64
임현별,5b0ce229b2,1983년 2월 11일,남성,서울특별시 강서구 64길 78
임민서,ea744cde34,1980년 5월 19일,남성,서울특별시 양천구 7길 11
최민주,1a56b9cb1f,1997년 7월 18일,여성,대구광역시 달성군 46길 4
정수재,36a72d708b,2006년 2월 16일,여성,대구광역시 남구 96길 67
한서별,f031157abe,1981년 12월 29일,남성,대구광역시 동구 48길 46
박서주,891ed296eb,1988년 3월 24일,여성,대구광역시 대구광역시 73길 67
임상지,3724460c2f,1980년 12월 20일,남성,서울특별시 광진구 3길 74
박영별,3dba66172a,1986년 8월 21일,여성,서울특별시 양천구 31길 59
정현연,f4630127ed,1988년 3월 14일,남성,대구광역시 서구 57길 16
강수주,3ccb8e077e,1984년 12월 5일,남성,서울특별시 성북구 26길 28
오수수,0a01644a3f,1996년 8월 2일,여성,서울특별시 강북구 36길 60
박은수,d96b26613c,1989년 7월 8일,남성,대구광역시 달성군 80길 89
김수서,0b3b324a94,1996년 8월 3일,여성,대구광역시 동구 15길 21
오서숙,8e766885e8,1990년 10월 2일,남성,대구광역시 서구 77길 81
조영지,e319b5d8ba,1983년 12월 20일,여성,서울특별시 성동구 45길 41
정민별,3914ddd084,2009년 2월 19일,남성,대구광역시 군위군 17길 42
최서연,658c75e8c3,1989년 10월 30일,남성,대구광역시 중구 87길 10
최현서,8c4311e734,2006년 7월 8일,남성,서울특별시 강동구 50길 95
조상연,bce745bd15,1997년 8월 4일,여성,서울특별시 관악구 72길 16
한상숙,140643cb35,2007년 12월 22일,여성,대구광역시 중구 82길 69
강민재,9fe1bd3fb1,2003년 10월 14일,남성,대구광역시 수성구 43길 95
강민재,9fe1bd3fb1,2005년 2월 10일,남성,서울특별시 서울특별시 30길 84
임현주,fb38fcfb13,1986년 1월 20일,여성,대구광역시 군위군 45길 82
강민숙,1bacfa0d83,1984년 7월 24일,남성,서울특별시 종로구 5길 35
정현숙,32daa41322,1989년 1월 12일,남성,대구광역시 남구 29길 95
이은서,1d84b0e02e,2006년 1월 10일,남성,대구광역시 달서구 67길 9
조영별,a40ade856d,2005년 8월 8일,남성,서울특별시 동작구 29길 79
박서훈,98916e9228,1981년 5월 18일,남성,서울특별시 영등포구 50길 78
정은연,0a08a4ae82,2000년 7월 6일,여성,대구광역시 동구 23길 94
강영훈,64da4ac150,1994년 3월 31일,여성,서울특별시 은평구 73길 16
김민서,b72509a81c,2006년 3월 18일,여성,서울특별시 강북구 84길 17
정현재,304506b612,2007년 3월 15일,여성,대구광역시 서구 85길 26
박수지,5249946863,1990년 2월 7일,남성,대구광역시 동구 95길 73
오민주,1b55399887,1994년 12월 28일,남성,대구광역시 서구 61길 52
조영수,2a75c1d4d3,2009년 8월 22일,여성,대구광역시 달성군 11길 41
임민서,ea744cde34,1987년 5월 18일,남성,대구광역시 달서구 86길 90
한영재,7165165e0b,1999년 2월 14일,남성,서울특별시 강남구 11길 25
강상훈,3faaed085f,1990년 1월 12일,남성,대구광역시 대구광역시 48길 73
정수훈,f8ac66c511,1981년 10월 11일,여성,대구광역시 동구 15길 69
한현훈,bded9b07da,1995년 2월 26일,여성,대구광역시 동구 17길 71
정상재,91edb70cf8,1990년 3월 13일,남성,대구광역시 수성구 28길 63
박현재,5d842de4ad,1987년 3월 31일,여성,대구광역시 중구 9길 66
최수숙,d3876176c2,2009년 2월 6일,남성,서울특별시 광진구 18길 93
박현서,0df6cc4e2d,2006년 5월 14일,여성,대구광역시 달서구 86길 9
정상재,91edb70cf8,1993년 1월 10일,남성,서울특별시 서대문구 89길 100
오영연,a431017b40,1999년 10월 29일,남성,대구광역시 북구 4길 22
정민연,63704ccc83,1993년 7월 27일,남성,서울특별시 은평구 73길 80
김상재,fedff20b7d,2007년 1월 6일,여성,서울특별시 동작구 25길 60
오상재,b238398c2d,1980년 8월 8일,남성,대구광역시 남구 11길 67
한수별,15493ca66d,2007년 10월 29일,남성,대구광역시 수성구 62길 70
강은지,0e78bace98,1988년 1월 30일,남성,대구광역시 수성구 10길 75
조민수,e8f39f320b,1986년 7월 30일,여성,서울특별시 양천구 88길 52
김영수,35f155db37,2006년 3월 8일,여성,서울특별시 관악구 22길 62
최현서,8c4311e734,2005년 5월 30일,여성,서울특별시 마포구 10길 44
정서수,27093d5e4a,1986년 5월 6일,여성,서울특별시 서울특별시 78길 98
한현숙,e77df3a683,2007년 3월 5일,여성,대구광역시 달성군 3길 17
정민훈,e50afc9552,2005년 10월 2일,여성,서울특별시 도봉구 38길 5
임현서,4bd718dc39,1997년 10월 19일,여성,대구광역시 군위군 58길 34
임상숙,52485d21f2,1989년 7월 10일,여성,서울특별시 강서구 14길 27
한은서,4f5fa0b379,1982년 3월 1일,여성,서울특별시 강북구 11길 95
강현숙,a33c044200,1987년 3월 7일,여성,서울특별시 중랑구 87길 72
이수수,63f0e5d196,1982년 5월 28일,남성,서울특별시 영등포구 58길 67
임민서,ea744cde34,2002년 8월 16일,여성,대구광역시 달서구 91길 33
최영재,f57f6f9a61,1994년 10월 29일,남성,서울특별시 구로구 60길 91
강영훈,64da4ac150,1991년 10월 29일,여성,대구광역시 남구 100길 23
임상수,9f3386a34b,1981년 3월 31일,여성,대구광역시 달성군 22길 82
임영연,63ad76ce96,1988년 1월 1일,여성,서울특별시 마포구 36길 20
조민재,c9eed1e9d8,1999년 3월 2일,여성,서울특별시 영등포구 79길 74
조상숙,6375396951,2004년 3월 9일,여성,서울특별시 강서구 36길 30
최상훈,8f3907d67f,1986년 7월 24일,남성,서울특별시 구로구 13길 21
이은주,61748e9827,1983년 7월 28일,여성,서울특별시 노원구 13길 4
조민주,7dc3703a9b,1993년 1월 1일,남성,서울특별시 은평구 5길 16
박민주,2a0630a3fc,1987년 7월 20일,여성,대구광역시 대구광역시 56길 40
김상훈,d79c03bac4,2002년 8월 19일,남성,서울특별시 도봉구 8길 1
강상별,2c77bda646,1984년 7월 24일,남성,서울특별시 구로구 40길 14
임현수,27c2d41b2b,1995년 8월 24일,남성,대구광역시 동구 12길 53
정영지,fe7b9e895b,1985년 3월 4일,남성,대구광역시 달서구 85길 18
최서숙,f22826e5b2,1994년 5월 29일,여성,대구광역시 동구 81길 85
이민수,68ec72ceea,1996년 10월 29일,여성,서울특별시 성북구 24길 30
강민수,58eac1e171,2008년 7월 10일,여성,대구광역시 달서구 14길 55
박수수,f8cbff5324,1993년 3월 24일,남성,서울특별시 양천구 64길 66
정상재,91edb70cf8,1986년 5월 29일,여성,서울특별시 강서구 96길 10
박상별,4711c1d342,1997년 1월 14일,남성,대구광역시 달성군 39길 34
정서연,8e025eb562,1998년 2월 16일,남성,대구광역시 남구 36길 97
이민숙,80ad89e6ad,2000년 8월 5일,남성,서울특별시 송파구 17길 78
오상수,1ef9482152,1990년 12월 29일,남성,서울특별시 양천구 61길 24
박민연,7f25439d1d,1980년 5월 30일,여성,대구광역시 대구광역시 98길 44
최수재,7e68239d46,1999년 12월 11일,남성,서울특별시 용산구 39길 94
박수숙,492344ff24,1980년 2월 25일,여성,서울특별시 강동구 24길 27
박서훈,98916e9228,1995년 12월 6일,여성,서울특별시 송파구 74길 40
조현수,3ccab7f10c,1985년 1월 26일,남성,대구광역시 달서구 78길 55
박수훈,5167c1bb8b,1997년 7월 6일,남성,서울특별시 광진구 90길 65
오민지,eec0d3dc40,1982년 12월 29일,남성,대구광역시 북구 94길 22
박상수,8dc77cdf20,1987년 1월 20일,여성,서울특별시 도봉구 86길 88
강민재,9fe1bd3fb1,1992년 5월 30일,남성,대구광역시 대구광역시 18길 31
김상서,07ce117473,1998년 10월 28일,남성,대구광역시 서구 40길 82
이상재,527331b588,1990년 10월 23일,남성,서울특별시 성북구 34길 49
임수주,7546acdb98,1990년 3월 20일,남성,서울특별시 마포구 73길 7
한서연,cdd13f4b18,2008년 3월 22일,여성,대구광역시 달서구 83길 83
조서연,91baac94bf,1997년 2월 6일,남성,대구광역시 동구 70길 3
강은지,0e78bace98,1993년 7월 9일,남성,대구광역시 달서구 76길 48
박민수,565bd46dba,2008년 3월 13일,여성,대구광역시 달서구 25길 32
이수지,f3078cfd85,1994년 12월 22일,여성,서울특별시 성동구 31길 24
임서연,cc691f077e,2009년 5월 30일,남성,대구광역시 달서구 58길 30
임수훈,734e6aea25,2003년 8월 11일,여성,대구광역시 북구 33길 43
한현별,d480fe360f,2009년 2월 17일,남성,대구광역시 달성군 94길 75
한서훈,2190c62af3,1981년 10월 28일,여성,서울특별시 성동구 75길 66
오상주,a8584c59f9,1993년 7월 23일,여성,서울특별시 동대문구 85길 27
한현수,4f5555cc9f,1992년 2월 19일,남성,대구광역시 달서구 87길 33
이영수,9cf3b53033,2009년 7월 12일,남성,서울특별시 관악구 36길 6
임현훈,5e61d3371a,1990년 7월 7일,여성,서울특별시 금천구 37길 25
이현서,e23397ee20,1993년 12월 8일,남성,서울특별시 용산구 82길 50
한현지,0ac8a0f790,2001년 5월 3일,남성,대구광역시 군위군 38길 4
강현주,dd8ff38465,2003년 8월 15일,여성,서울특별시 노원구 77길 71
최현지,69d4631ba6,1999년 10월 17일,남성,대구광역시 중구 66길 88
최현훈,4015aa6499,1994년 2월 15일,여성,대구광역시 북구 57길 72
강상훈,3faaed085f,1984년 1월 5일,남성,서울특별시 은평구 23길 77
이영서,71a840d0a6,2005년 5월 15일,남성,대구광역시 동구 88길 59
이수수,63f0e5d196,1990년 5월 23일,남성,서울특별시 구로구 16길 14
김민지,92bd2b5183,2007년 1월 5일,남성,서울특별시 양천구 21길 36
김서수,0da93b15a2,2002년 1월 26일,여성,대구광역시 대구광역시 97길 32
강상지,35c926e668,1993년 2월 22일,여성,대구광역시 대구광역시 63길 68
오수훈,9af6f7d033,2004년 10월 1일,남성,서울특별시 도봉구 47길 62
정민숙,fc6773551c,2001년 8월 13일,남성,서울특별시 중랑구 21길 88
정상지,cc9dd84fe4,1981년 7월 20일,남성,대구광역시 달서구 5길 58
조수지,549ee1bfdd,1985년 1월 6일,남성,서울특별시 서초구 90길 25
박상서,231bf41f5b,1998년 5월 5일,여성,대구광역시 달성군 72길 84
강수숙,4fa2a0ec5a,1996년 3월 18일,남성,대구광역시 남구 80길 5
임민숙,b1a04e5882,1992년 8월 27일,여성,대구광역시 대구광역시 68길 50
박영지,4116450182,2001년 5월 23일,남성,대구광역시 서구 66길 94
임영연,63ad76ce96,2007년 12월 14일,남성,대구광역시 중구 64길 42
임서서,47b804256a,1985년 5월 7일,여성,대구광역시 대구광역시 4길 42
오서지,d87d9732ed,2003년 7월 14일,여성,대구광역시 중구 9길 64
이영숙,dfaa125a14,2005년 7월 25일,남성,서울특별시 강동구 25길 60
조수별,0d5d113c26,1989년 5월 14일,여성,대구광역시 중구 44길 29
박상수,8dc77cdf20,1987년 5월 26일,여성,대구광역시 달서구 31길 7
한상지,c41ddfd527,1983년 2월 8일,남성,서울특별시 광진구 100길 68
정상서,a7f418a2c8,1989년 8월 22일,여성,대구광역시 동구 99길 11
김영별,924794b5b3,1987년 5월 24일,남성,서울특별시 영등포구 30길 81
박현재,5d842de4ad,2005년 8월 6일,여성,대구광역시 수성구 73길 27
조서숙,e27e8823c9,1981년 7월 26일,남성,서울특별시 중랑구 12길 31
최민훈,ad193a76c2,1989년 7월 22일,여성,서울특별시 노원구 69길 27
최민숙,6794226941,1985년 3월 3일,여성,서울특별시 성북구 99길 4
강현재,f388ce803f,1986년 12월 2일,여성,서울특별시 중랑구 92길 60
정현지,5488217554,1983년 10월 22일,여성,대구광역시 남구 85길 8
최은수,b5195d276f,2008년 3월 21일,남성,대구광역시 남구 83길 87
김영지,5269d898d4,1996년 1월 12일,여성,대구광역시 중구 85길 20
박현서,0df6cc4e2d,1984년 10월 7일,여성,서울특별시 노원구 23길 11
조수서,3b541187a1,1988년 5월 21일,여성,대구광역시 북구 35길 11
조현지,2598349494,1988년 12월 16일,남성,대구광역시 중구 22길 69
최영훈,3c081386e3,1987년 12월 9일,여성,대구광역시 북구 27길 97
오서연,b7b1eec415,1989년 8월 14일,여성,서울특별시 중랑구 97길 12
임민주,7ed42fad28,1988년 7월 31일,여성,서울특별시 서초구 16길 44
오상지,201e72c97b,1987년 5월 25일,남성,서울특별시 서울특별시 9길 11
한현연,b314084ac8,1998년 1월 31일,여성,서울특별시 서대문구 28길 67
최민서,a2309cda50,1994년 12월 21일,여성,서울특별시 성북구 61길 44
강민별,0c6e6e1a61,1997년 5월 11일,여성,서울특별시 영등포구 80길 38
김은서,e4ce4b4bf6,2003년 7월 11일,남성,서울특별시 서대문구 80길 22
최은주,1c3dabbcb2,2007년 8월 11일,남성,서울특별시 광진구 67길 89
박수연,9e16fe20ab,2004년 2월 8일,여성,서울특별시 구로구 95길 66
최현재,54a49377a0,2009년 8월 11일,남성,대구광역시 서구 22길 17
박영주,939e299ba9,2003년 10월 29일,남성,대구광역시 군위군 67길 95
정영수,3b94b70c5d,2001년 7월 1일,남성,대구광역시 동구 85길 12
정수연,65e69f1924,2007년 1월 12일,여성,서울특별시 금천구 1길 77
조수서,3b541187a1,1987년 7월 25일,여성,서울특별시 서초구 29길 43
한상숙,140643cb35,2002년 8월 19일,여성,서울특별시 성동구 38길 30
김은수,4aedf494c6,2001년 7월 15일,남성,대구광역시 수성구 30길 75
조민훈,47ca5b312d,2008년 7월 25일,여성,서울특별시 강서구 72길 35
정수서,9ab5bec4f1,1990년 2월 27일,여성,대구광역시 군위군 70길 6
이은재,edaa9d1a80,1995년 10월 9일,여성,대구광역시 남구 77길 52
김은지,f7d651f64a,1989년 5월 8일,여성,대구광역시 서구 12길 17
임민주,7ed42fad28,1981년 10월 2일,여성,대구광역시 중구 78길 95
조은숙,1558239753,1993년 3월 24일,남성,서울특별시 종로구 42길 18
김은주,5a6669c499,1986년 12월 15일,여성,서울특별시 광진구 74길 88
한영훈,95e99a31f3,1989년 8월 27일,여성,대구광역시 동구 56길 23
강수숙,4fa2a0ec5a,1981년 1월 3일,남성,대구광역시 대구광역시 20길 50
정민주,f12341b1a9,1995년 10월 24일,남성,대구광역시 동구 38길 67
한현훈,bded9b07da,1988년 12월 5일,여성,대구광역시 남구 1길 36
박민서,8b382d8de8,1998년 3월 19일,여성,대구광역시 대구광역시 92길 29
조수지,549ee1bfdd,1991년 2월 17일,남성,서울특별시 노원구 26길 99
임은서,c33c8d1980,1990년 2월 8일,여성,대구광역시 군위군 97길 69
이영서,71a840d0a6,1988년 8월 2일,여성,대구광역시 중구 38길 71
한수주,2204995299,2001년 8월 2일,여성,서울특별시 양천구 9길 49
이은연,fcb402647a,1986년 10월 26일,남성,서울특별시 도봉구 88길 33
강민별,0c6e6e1a61,1981년 8월 8일,남성,대구광역시 중구 61길 65
김민숙,866003b51d,1986년 7월 25일,여성,대구광역시 중구 85길 11
김민주,d482ccbba6,1992년 2월 23일,여성,서울특별시 광진구 46길 54
임서재,5a34c3472e,1994년 2월 7일,남성,대구광역시 달성군 43길 59
강영주,25d1255539,1990년 5월 16일,남성,대구광역시 서구 50길 5
최수훈,f6258161d4,1998년 5월 26일,남성,서울특별시 관악구 80길 66
정서별,04090bb4ba,1982년 7월 16일,남성,대구광역시 달서구 18길 31
한수서,83edeb0443,1996년 1월 30일,여성,대구광역시 군위군 66길 96
김서서,f3dcfa5f2d,2006년 8월 2일,남성,대구광역시 수성구 7길 98
박영수,10b2e9e2d0,1987년 3월 19일,남성,대구광역시 중구 98길 41
이수서,c7883eff4a,1984년 3월 19일,남성,서울특별시 노원구 33길 35
임민지,72c5ebac98,2002년 3월 12일,남성,서울특별시 용산구 22길 15
오영수,4f391c539c,2009년 2월 16일,여성,서울특별시 강북구 15길 10
박영재,9a316d82d8,1989년 5월 7일,여성,대구광역시 달성군 24길 98
오현재,f0dabd792e,1987년 1월 1일,남성,서울특별시 영등포구 25길 93
이상지,6b7b888276,1980년 8월 15일,남성,대구광역시 중구 64길 71
이민연,55b7651467,1983년 12월 6일,여성,서울특별시 강북구 9길 66
이서별,6ab88bf937,1980년 8월 11일,여성,대구광역시 달성군 99길 91
한영훈,95e99a31f3,2001년 12월 3일,남성,대구광역시 남구 7길 43
이은훈,5106dafa60,1998년 3월 3일,남성,서울특별시 관악구 32길 60
임서연,cc691f077e,1999년 3월 20일,남성,서울특별시 강서구 10길 71
조수수,dd1ce9a011,2009년 5월 13일,여성,서울특별시 동대문구 50길 92
이서재,1894e15510,1988년 12월 21일,남성,대구광역시 남구 51길 85
강영재,2b0ab2b616,1997년 10월 30일,남성,대구광역시 군위군 85길 80
박은지,93b241b0c3,2005년 1월 22일,남성,서울특별시 중구 15길 16
임영주,5a629f9c91,1991년 5월 7일,여성,서울특별시 서대문구 15길 19
김현훈,b93133f093,1982년 2월 20일,남성,대구광역시 중구 43길 94
김서수,0da93b15a2,1980년 3월 8일,남성,서울특별시 광진구 57길 30
이현별,bee816e912,1988년 7월 26일,남성,대구광역시 북구 12길 53
한수서,83edeb0443,2004년 10월 25일,여성,대구광역시 서구 74길 11
한은별,ce19e409b8,1999년 12월 27일,여성,서울특별시 서울특별시 93길 66
조영서,fbc398b551,1998년 5월 21일,여성,서울특별시 강동구 34길 85
김상주,ce8ad0b264,2004년 8월 4일,남성,서울특별시 서대문구 90길 89
강은연,01e501c1e5,1994년 5월 26일,남성,대구광역시 서구 87길 79
한은숙,dc9dd0e36d,1982년 3월 13일,남성,서울특별시 강남구 64길 42
한은지,a436ab9c61,2001년 5월 28일,남성,대구광역시 대구광역시 95길 82
김수서,0b3b324a94,2006년 1월 26일,남성,서울특별시 도봉구 93길 57
최민지,23394bcef8,2001년 2월 11일,남성,서울특별시 동대문구 99길 33
조은수,e8ff0e7169,1998년 10월 31일,여성,대구광역시 군위군 22길 43
정은훈,8ab3d1c6b3,1984년 1월 22일,여성,대구광역시 대구광역시 10길 35
조수숙,49d202eede,1987년 5월 16일,여성,서울특별시 중구 78길 68
김서재,aa200f402c,1980년 1월 7일,남성,서울특별시 도봉구 47길 41
김영재,86bb904e9e,1998년 1월 8일,남성,서울특별시 용산구 48길 97
정상별,f1d2ca5f93,1999년 2월 1일,남성,대구광역시 수성구 81길 4
이수주,692d3c3952,1998년 1월 25일,여성,대구광역시 동구 61길 15
이상주,1b87614ad8,1990년 7월 6일,여성,서울특별시 마포구 38길 67
한현재,88ee247569,1989년 2월 15일,여성,대구광역시 남구 18길 65
오수훈,9af6f7d033,1982년 10월 23일,여성,서울특별시 동대문구 38길 79
강영재,2b0ab2b616,2008년 8월 13일,여성,서울특별시 송파구 18길 76
오민별,2014e779b8,1983년 1월 30일,여성,서울특별시 노원구 24길 87
최서훈,ff435a4c0e,1991년 1월 22일,여성,서울특별시 서초구 35길 44
최현재,54a49377a0,1992년 12월 31일,여성,대구광역시 남구 12길 19
한현주,740f0ad935,1996년 3월 17일,남성,대구광역시 남구 41길 80
이영수,9cf3b53033,1995년 12월 12일,여성,서울특별시 금천구 37길 56
정은재,32ff5e876b,1998년 7월 2일,여성,서울특별시 동작구 45길 36
임수지,8365376ff0,2000년 1월 27일,남성,대구광역시 남구 77길 66
박수서,af2186ef63,1987년 8월 26일,여성,대구광역시 수성구 39길 32
최현연,6e05cc8e3b,1984년 8월 28일,남성,서울특별시 서초구 21길 2
한현연,b314084ac8,2004년 2월 20일,여성,서울특별시 동작구 9길 99
조상훈,5a722cf74d,1987년 2월 16일,남성,대구광역시 수성구 41길 41
정현수,544f2ae769,1995년 10월 15일,남성,서울특별시 성북구 55길 21
임영재,9f97182284,1998년 1월 9일,남성,서울특별시 강동구 77길 82
김상서,07ce117473,2007년 3월 20일,여성,서울특별시 서울특별시 99길 62
이수서,c7883eff4a,1992년 8월 29일,여성,서울특별시 노원구 33길 39
정영훈,8783ec8227,2006년 5월 21일,남성,대구광역시 동구 24길 18
한민지,a0c88efa00,1980년 1월 21일,남성,대구광역시 달서구 93길 94
정서훈,0042ae4dc5,1991년 5월 15일,남성,대구광역시 수성구 84길 21
한수지,cac730eb44,2003년 5월 26일,남성,서울특별시 강북구 81길 51
김현주,a2d73d51bb,1992년 10월 1일,여성,대구광역시 대구광역시 24길 88
정은재,32ff5e876b,1980년 5월 14일,여성,서울특별시 양천구 78길 75
임상숙,52485d21f2,1988년 12월 4일,여성,대구광역시 대구광역시 42길 24
김상별,57e2ce359d,1994년 1월 24일,여성,대구광역시 서구 37길 75
오은별,99a4aac36a,2007년 2월 26일,남성,대구광역시 서구 52길 11
조현별,128d12ce9a,1994년 8월 16일,남성,서울특별시 종로구 58길 71
조민숙,25636c9173,1990년 1월 18일,여성,서울특별시 강남구 78길 4
조민훈,47ca5b312d,1996년 12월 19일,남성,서울특별시 양천구 64길 15
오현훈,44517181f9,1985년 10월 4일,여성,서울특별시 동대문구 58길 24
강서지,be0f13320b,1998년 7월 3일,남성,대구광역시 수성구 86길 97
강현수,834c6b054f,2009년 3월 25일,여성,대구광역시 북구 77길 69
한현연,b314084ac8,1997년 3월 21일,여성,서울특별시 강서구 100길 47
한상지,c41ddfd527,1988년 5월 5일,여성,서울특별시 성북구 24길 64
박수별,51bb61dee1,1982년 10월 14일,여성,대구광역시 북구 54길 94
강은수,88c3a7a114,1981년 5월 2일,남성,대구광역시 중구 64길 86
이민별,19077e717d,1994년 3월 12일,여성,서울특별시 구로구 60길 52
이은숙,8ec7e9130c,1989년 7월 20일,여성,서울특별시 중구 20길 67
김서지,790dfce735,1985년 3월 23일,남성,대구광역시 대구광역시 14길 4
오수재,7b6143536f,1995년 3월 18일,남성,서울특별시 중구 54길 94
박은별,bdee76897f,2006년 10월 21일,남성,대구광역시 남구 58길 13
최현서,8c4311e734,2003년 5월 15일,남성,서울특별시 종로구 45길 6
임현연,05e2f40d0e,1998년 10월 26일,남성,서울특별시 도봉구 2길 50
조수지,549ee1bfdd,1995년 10월 14일,여성,대구광역시 북구 52길 98
이수수,63f0e5d196,1995년 2월 20일,여성,대구광역시 군위군 28길 40
박은훈,50818ab794,1984년 12월 1일,남성,대구광역시 군위군 25길 69
오서별,dd6c0ab440,1995년 7월 10일,남성,서울특별시 성동구 100길 82
정상훈,315943dfd6,2001년 5월 25일,여성,대구광역시 달서구 100길 49
조현주,c28baf861a,1980년 8월 14일,여성,대구광역시 남구 87길 77
한민수,561e6af0f6,1991년 7월 11일,여성,대구광역시 대구광역시 66길 14
조은지,442fe10f0f,1983년 3월 4일,여성,서울특별시 도봉구 69길 35
최민훈,ad193a76c2,1984년 2월 3일,여성,대구광역시 군위군 75길 90
이은재,edaa9d1a80,1995년 2월 9일,남성,서울특별시 중랑구 41길 44
정영지,fe7b9e895b,1984년 7월 30일,남성,서울특별시 노원구 15길 4
강상서,ec9a765809,2007년 10월 16일,남성,서울특별시 성동구 63길 36
최상훈,8f3907d67f,1999년 5월 12일,여성,대구광역시 서구 78길 71
한은연,bcc87bec57,1995년 1월 19일,남성,대구광역시 달서구 34길 84
박민수,565bd46dba,1987년 1월 24일,남성,서울특별시 강남구 58길 62
정상숙,3a677dc663,2002년 12월 29일,남성,서울특별시 강동구 76길 9
조수수,dd1ce9a011,2001년 12월 22일,여성,서울특별시 마포구 66길 76
조은훈,696a9a27ee,1985년 1월 30일,여성,서울특별시 성북구 15길 81
임서수,9be88d636f,1998년 12월 3일,남성,서울특별시 성동구 19길 53
조상서,40915ec9f8,1991년 12월 19일,여성,서울특별시 은평구 74길 59
정민수,5b3d7fecf8,1993년 1월 2일,남성,서울특별시 도봉구 44길 86
임서수,9be88d636f,1996년 1월 12일,여성,대구광역시 달성군 23길 8
김서지,790dfce735,1980년 12월 21일,여성,서울특별시 용산구 68길 43
이수지,f3078cfd85,1991년 2월 18일,남성,대구광역시 달성군 93길 42
김현서,20d4f9683f,1989년 12월 8일,남성,대구광역시 서구 71길 30
박은훈,50818ab794,1994년 1월 8일,남성,대구광역시 남구 79길 47
김수지,6ddd77aec9,2000년 1월 18일,남성,서울특별시 강동구 41길 65
강서훈,026649be3c,1981년 1월 7일,여성,대구광역시 동구 55길 70
정상서,a7f418a2c8,1995년 5월 24일,남성,서울특별시 강동구 10길 92
박민별,2b1278cdce,2008년 7월 1일,여성,대구광역시 서구 46길 23
조현수,3ccab7f10c,1980년 12월 28일,남성,대구광역시 서구 32길 15
한상수,1ddf86d536,2000년 1월 17일,여성,대구광역시 대구광역시 90길 82
이수별,5f3f8ffb25,1994년 5월 22일,남성,대구광역시 북구 77길 19
박은서,2b8ff17173,1992년 10월 7일,남성,대구광역시 군위군 89길 36
이민지,e718cc752c,1985년 1월 2일,남성,서울특별시 구로구 32길 14
정은주,2be02c8253,1983년 5월 13일,여성,대구광역시 수성구 18길 69
오수훈,9af6f7d033,1981년 3월 15일,여성,서울특별시 중구 65길 100
이서훈,16cb5f7795,1986년 2월 17일,남성,대구광역시 수성구 74길 21
정민서,6163beec28,1984년 8월 19일,여성,서울특별시 송파구 45길 3
강민주,d3e19c4c2f,2000년 12월 9일,남성,대구광역시 군위군 58길 61
조서주,4a00ad905a,1986년 12월 21일,남성,서울특별시 강동구 3길 83
김영숙,52b3d9bcf2,2000년 10월 1일,남성,대구광역시 군위군 64길 7
이민수,68ec72ceea,1983년 3월 13일,여성,대구광역시 수성구 78길 96
박은지,93b241b0c3,1999년 8월 16일,여성,대구광역시 서구 4길 38
정서재,c15f9701f4,1991년 5월 10일,여성,대구광역시 동구 9길 11
오은수,2039d80f4a,1995년 10월 20일,여성,대구광역시 중구 98길 18
조서주,4a00ad905a,1982년 7월 31일,여성,대구광역시 군위군 13길 91
정상숙,3a677dc663,1996년 1월 8일,남성,서울특별시 송파구 65길 62
이영훈,4552b7b45c,1996년 12월 23일,여성,대구광역시 동구 57길 10
조현연,f75d9e5c8c,1990년 8월 9일,남성,서울특별시 은평구 66길 30
김은훈,3ad4441bb4,2006년 3월 23일,남성,서울특별시 강서구 93길 54
김상주,ce8ad0b264,1989년 1월 7일,남성,서울특별시 노원구 15길 70
김서훈,0004ab3c9b,2002년 1월 30일,여성,대구광역시 군위군 30길 14
이서별,6ab88bf937,2004년 3월 22일,남성,대구광역시 달성군 1길 57
김영주,5e21b9dbb9,1989년 2월 4일,남성,대구광역시 군위군 42길 68
조민서,e906b26467,1983년 5월 9일,남성,서울특별시 서초구 76길 99
조수숙,49d202eede,2004년 3월 4일,남성,서울특별시 구로구 68길 3
김상재,fedff20b7d,1988년 12월 4일,남성,서울특별시 강서구 14길 45
박서연,0d33b722b5,2007년 1월 3일,남성,대구광역시 수성구 47길 99
오수주,34c2667a67,1997년 8월 7일,남성,대구광역시 수성구 10길 19
박영수,10b2e9e2d0,1983년 1월 9일,여성,대구광역시 동구 11길 17
강서서,4b6dc30ad0,1991년 12월 8일,여성,서울특별시 서대문구 20길 18
강은별,9e67d02a73,1987년 3월 14일,여성,대구광역시 동구 50길 42
정서훈,0042ae4dc5,1981년 3월 23일,여성,서울특별시 광진구 95길 42
박은별,bdee76897f,2003년 1월 5일,남성,대구광역시 북구 19길 94
오현숙,b1d1b3d30a,1985년 10월 14일,남성,서울특별시 성북구 5길 22
박서숙,318d4e03df,1990년 2월 5일,남성,대구광역시 수성구 45길 44
임영주,5a629f9c91,1985년 12월 7일,남성,서울특별시 성북구 57길 2
이민훈,aa2fb50f56,1995년 1월 6일,여성,서울특별시 강남구 89길 92
김영지,5269d898d4,2001년 12월 26일,남성,대구광역시 대구광역시 47길 66
최수훈,f6258161d4,1987년 7월 5일,남성,대구광역시 남구 28길 36
강서수,20d6c25192,1993년 1월 16일,여성,서울특별시 강서구 66길 5
오민수,d02f45885f,1993년 3월 18일,남성,서울특별시 은평구 49길 13
정영수,3b94b70c5d,1987년 3월 7일,여성,서울특별시 은평구 32길 13
박영재,9a316d82d8,1982년 8월 10일,여성,서울특별시 구로구 89길 21
오영연,a431017b40,1998년 5월 31일,남성,서울특별시 강북구 34길 15
이민연,55b7651467,2004년 1월 13일,남성,대구광역시 남구 74길 3
최수주,afc6d77cba,2004년 3월 27일,남성,서울특별시 성북구 51길 58
조민서,e906b26467,1980년 10월 2일,남성,대구광역시 중구 21길 1
한상서,f370817c91,2007년 8월 17일,여성,대구광역시 동구 91길 29
강서별,ff6fc12bec,2006년 2월 17일,여성,서울특별시 은평구 3길 90
최은별,fb528bb361,2009년 3월 4일,여성,대구광역시 서구 91길 84
임영연,63ad76ce96,1997년 8월 11일,남성,대구광역시 달성군 12길 70
조민훈,47ca5b312d,2002년 3월 16일,여성,서울특별시 노원구 39길 62
한영숙,a8a282bc09,1990년 1월 8일,남성,서울특별시 양천구 45길 16
김영재,86bb904e9e,1994년 1월 13일,남성,대구광역시 서구 43길 6
오은서,d19670845d,1980년 7월 14일,여성,대구광역시 서구 60길 75
강수서,03941bbc78,1984년 7월 26일,여성,서울특별시 금천구 40길 68
김서훈,0004ab3c9b,1991년 5월 2일,여성,서울특별시 성북구 31길 85
정서주,53ed7fcc36,2007년 1월 16일,남성,서울특별시 은평구 3길 36
강상훈,3faaed085f,1994년 5월 6일,여성,대구광역시 대구광역시 23길 8
조서서,d9b3d83a4b,1996년 7월 20일,여성,서울특별시 종로구 90길 77
김상훈,d79c03bac4,2007년 1월 19일,여성,대구광역시 달서구 16길 100
정상재,91edb70cf8,1995년 8월 18일,남성,서울특별시 도봉구 48길 55
김민재,a49f60628d,2003년 12월 12일,남성,대구광역시 중구 15길 99
조영수,2a75c1d4d3,2003년 5월 8일,여성,서울특별시 용산구 70길 82
한영수,7e25bd4b6a,1996년 3월 29일,남성,서울특별시 중랑구 81길 50
임현별,5b0ce229b2,2000년 10월 3일,남성,서울특별시 강남구 99길 17
강상주,f4f1bb5b99,2007년 3월 14일,여성,서울특별시 동대문구 12길 67
강영재,2b0ab2b616,1982년 7월 19일,남성,대구광역시 군위군 63길 22
조서수,f8aecced9b,2003년 5월 26일,남성,서울특별시 송파구 85길 60
임현훈,5e61d3371a,1989년 8월 15일,여성,대구광역시 남구 22길 99
강은지,0e78bace98,1997년 3월 29일,남성,서울특별시 성동구 86길 59
정영지,fe7b9e895b,1986년 10월 14일,여성,대구광역시 중구 76길 46
김민지,92bd2b5183,1991년 7월 5일,여성,서울특별시 노원구 82길 12
박수서,af2186ef63,2001년 5월 16일,남성,대구광역시 동구 88길 38
임서주,a1ccb22935,1989년 3월 31일,남성,서울특별시 중랑구 6길 5
최서서,82b7460214,1994년 5월 19일,남성,대구광역시 동구 71길 80
조수주,60af6f9b43,1986년 12월 23일,남성,서울특별시 동작구 72길 16
조서주,4a00ad905a,2007년 3월 6일,여성,대구광역시 남구 93길 24
한상지,c41ddfd527,2006년 3월 4일,남성,대구광역시 북구 84길 86
최현연,6e05cc8e3b,1982년 2월 12일,여성,대구광역시 북구 85길 28
임상주,67c8dc5223,1987년 3월 22일,남성,서울특별시 도봉구 76길 99
한현수,4f5555cc9f,2004년 1월 3일,여성,서울특별시 성북구 27길 25
이현숙,c2254ba3b0,2009년 3월 20일,여성,서울특별시 구로구 76길 90
강상훈,3faaed085f,1986년 2월 6일,남성,대구광역시 군위군 71길 16
이민주,02965138c7,2005년 2월 1일,남성,서울특별시 중구 27길 100
강현수,834c6b054f,1982년 12월 16일,남성,대구광역시 달서구 83길 78
강상숙,ac7d158f43,1995년 3월 7일,남성,서울특별시 용산구 36길 56
오상숙,09068d199c,2001년 5월 11일,여성,서울특별시 종로구 46길 1
최서주,0c14eac6ba,2003년 2월 20일,여성,대구광역시 군위군 7길 77
최상주,b7dc5a0fd4,1988년 5월 21일,남성,서울특별시 중랑구 96길 37
최영훈,3c081386e3,2007년 2월 22일,남성,서울특별시 강북구 91길 1
이상훈,8b2ddf545a,1984년 1월 27일,여성,서울특별시 송파구 95길 38
김현수,853e78166b,1989년 8월 23일,여성,서울특별시 광진구 40길 57
정서숙,c75d06bce2,2006년 1월 27일,여성,대구광역시 남구 100길 65
임서연,cc691f077e,1987년 5월 7일,여성,대구광역시 남구 70길 87
최민숙,6794226941,1985년 5월 22일,여성,대구광역시 중구 32길 21
김상주,ce8ad0b264,1982년 12월 8일,여성,대구광역시 중구 34길 44
강영주,25d1255539,1993년 3월 23일,여성,대구광역시 수성구 60길 1
오은서,d19670845d,1984년 1월 4일,남성,서울특별시 성동구 32길 87
조은훈,696a9a27ee,1981년 7월 20일,남성,대구광역시 서구 35길 35
오민수,d02f45885f,1991년 5월 14일,남성,대구광역시 남구 13길 5
한민주,80a49261b9,1985년 1월 12일,남성,서울특별시 중랑구 26길 1
강현서,81fb84b8c7,2009년 12월 24일,여성,대구광역시 달성군 2길 56
조현연,f75d9e5c8c,1981년 8월 3일,여성,서울특별시 동작구 15길 82
김상지,e78c73d2db,1994년 2월 18일,남성,대구광역시 서구 25길 35
정현훈,622219bb3c,1982년 3월 5일,남성,서울특별시 양천구 4길 40
최은훈,1de19793ac,1994년 2월 27일,남성,대구광역시 동구 73길 65
이영훈,4552b7b45c,1999년 12월 25일,남성,대구광역시 북구 80길 55
최영훈,3c081386e3,2006년 5월 24일,남성,대구광역시 동구 36길 1
김영숙,52b3d9bcf2,1980년 2월 2일,남성,대구광역시 수성구 23길 99
김수연,3db4ee8ce5,2009년 10월 3일,남성,대구광역시 수성구 1길 86
강민연,74fb692bcd,1984년 10월 18일,남성,서울특별시 중구 84길 100
강민훈,a134ba8863,1982년 8월 30일,여성,대구광역시 북구 97길 59
최상별,67de67b37a,1989년 2월 27일,남성,서울특별시 중랑구 20길 38
조은수,e8ff0e7169,1990년 10월 8일,여성,서울특별시 성동구 6길 24
강영서,4ef151c8d7,1994년 10월 20일,여성,서울특별시 관악구 49길 100
김서재,aa200f402c,1999년 1월 18일,남성,서울특별시 은평구 82길 50
한민지,a0c88efa00,1986년 8월 6일,여성,서울특별시 노원구 7길 13
김서주,5fed418066,1994년 1월 14일,여성,대구광역시 군위군 19길 6
오은재,28871cd8a0,1989년 12월 18일,남성,서울특별시 강동구 27길 37
박은연,c3b0c191f5,1985년 3월 9일,남성,서울특별시 동대문구 58길 43
김은수,4aedf494c6,1999년 1월 13일,여성,서울특별시 동작구 86길 19
정상수,c942e9b2c6,1993년 7월 24일,남성,서울특별시 금천구 36길 93
강서재,003c6bb237,1992년 5월 22일,여성,대구광역시 달성군 63길 17
강현재,f388ce803f,1990년 5월 8일,여성,대구광역시 달서구 13길 78
최수숙,d3876176c2,1987년 8월 18일,남성,대구광역시 중구 84길 84
정현주,062df72fec,2000년 10월 29일,남성,서울특별시 중구 74길 21
정서지,4fbaeb2cee,2005년 5월 1일,남성,대구광역시 중구 27길 75
박상서,231bf41f5b,1990년 10월 21일,남성,대구광역시 수성구 20길 44
김영서,e6819a2c83,1994년 7월 7일,남성,서울특별시 서대문구 36길 85
최현수,d6912e8067,1995년 12월 11일,여성,대구광역시 달성군 85길 38
오상서,6b20889404,1980년 2월 13일,여성,서울특별시 서대문구 8길 100
최서별,3763a9b9f9,1983년 7월 4일,남성,대구광역시 서구 100길 99
최은별,fb528bb361,1996년 5월 29일,여성,서울특별시 광진구 36길 3
조민지,790d8a944b,1982년 7월 19일,여성,대구광역시 북구 80길 27
오민별,2014e779b8,1994년 3월 23일,남성,서울특별시 중구 34길 40
한서지,a1d3224d7b,1993년 1월 20일,남성,서울특별시 강서구 41길 63
최상지,2685a3a046,2000년 2월 23일,여성,대구광역시 북구 58길 37
최현숙,8dcc3610a1,1987년 8월 1일,여성,서울특별시 강서구 82길 65
이서재,1894e15510,1985년 10월 12일,여성,서울특별시 강동구 95길 23
이민수,68ec72ceea,1987년 8월 20일,여성,서울특별시 양천구 13길 57
강상수,1424991731,1990년 10월 20일,남성,대구광역시 남구 42길 1
강현숙,a33c044200,2006년 10월 18일,여성,대구광역시 동구 13길 43
강서재,003c6bb237,2009년 7월 3일,남성,대구광역시 대구광역시 13길 7
조영연,da5f56c522,2006년 1월 24일,여성,대구광역시 군위군 16길 70
임은서,c33c8d1980,1997년 8월 17일,여성,서울특별시 구로구 55길 56
오민서,9aea290c02,1987년 7월 28일,남성,서울특별시 금천구 64길 71
조상재,813ff3d002,1992년 3월 18일,남성,대구광역시 대구광역시 55길 77
이현숙,c2254ba3b0,1983년 10월 31일,여성,대구광역시 동구 15길 7
한영서,f31442c5b3,1982년 2월 22일,여성,서울특별시 구로구 15길 20
오상연,6293fe74a5,1993년 7월 2일,남성,서울특별시 중구 51길 56
오은연,2b61060ef2,1993년 5월 10일,남성,대구광역시 수성구 89길 63
정현별,ab04260315,2003년 5월 25일,남성,대구광역시 동구 80길 62
이서지,9d029ea166,2008년 5월 2일,남성,대구광역시 수성구 88길 52
오수숙,e486426c27,1987년 2월 4일,여성,서울특별시 성북구 4길 49
박현훈,63b1cf7523,1980년 7월 15일,남성,서울특별시 서초구 32길 90
이은연,fcb402647a,1990년 2월 12일,남성,대구광역시 군위군 3길 79
임수지,8365376ff0,1994년 2월 19일,남성,대구광역시 대구광역시 84길 93
조은재,4af6a84c2c,1980년 7월 31일,남성,대구광역시 남구 94길 17
이영별,01dec0acf5,1988년 5월 21일,여성,대구광역시 동구 9길 67
이현숙,c2254ba3b0,1980년 1월 14일,여성,대구광역시 군위군 98길 47
강서훈,026649be3c,1998년 7월 22일,남성,대구광역시 달성군 19길 72
한민수,561e6af0f6,1997년 7월 22일,여성,서울특별시 은평구 95길 80
한민수,561e6af0f6,1994년 5월 22일,남성,서울특별시 강서구 71길 51
오상주,a8584c59f9,1988년 5월 27일,여성,서울특별시 송파구 93길 73
박현숙,9902b86f46,1992년 1월 2일,남성,대구광역시 남구 9길 10
조은숙,1558239753,1997년 8월 28일,여성,서울특별시 종로구 18길 30
최상지,2685a3a046,1988년 10월 5일,여성,서울특별시 마포구 96길 91
오현서,d3e834af86,2009년 12월 30일,남성,대구광역시 달성군 56길 89
정민연,63704ccc83,1994년 7월 9일,여성,대구광역시 남구 12길 45
김상주,ce8ad0b264,1999년 3월 1일,남성,서울특별시 도봉구 45길 23
오영주,4c37c67a0c,1982년 3월 4일,여성,대구광역시 북구 22길 46
조민재,c9eed1e9d8,2004년 5월 24일,여성,대구광역시 대구광역시 100길 80
이현서,e23397ee20,1995년 3월 19일,여성,대구광역시 수성구 28길 66
한민지,a0c88efa00,2000년 2월 23일,여성,대구광역시 북구 23길 54
최서수,2e32b96344,2008년 7월 31일,여성,대구광역시 수성구 54길 92
정은주,2be02c8253,1994년 10월 23일,여성,서울특별시 서대문구 6길 78
오상연,6293fe74a5,1990년 3월 24일,여성,대구광역시 대구광역시 11길 59
강상재,c03538dd55,2001년 5월 15일,남성,대구광역시 군위군 80길 41
박영별,3dba66172a,1989년 2월 7일,남성,서울특별시 강남구 76길 4
오수연,d2c5176acf,1997년 8월 28일,남성,대구광역시 동구 21길 69
이현수,f754361565,1988년 3월 4일,여성,서울특별시 중구 64길 48
정영서,6764fac9bc,2001년 10월 20일,여성,서울특별시 영등포구 81길 10
한서재,8327bab9fa,2007년 3월 3일,여성,대구광역시 대구광역시 41길 44
김상재,fedff20b7d,1981년 12월 9일,남성,대구광역시 대구광역시 100길 63
조현연,f75d9e5c8c,1992년 12월 22일,여성,서울특별시 금천구 24길 27
박은별,bdee76897f,2007년 7월 1일,남성,서울특별시 종로구 80길 67
최은재,3cc5c7c950,1991년 10월 3일,남성,서울특별시 종로구 20길 97
오영연,a431017b40,1989년 5월 23일,남성,대구광역시 동구 43길 72
조현지,2598349494,2004년 3월 8일,여성,서울특별시 중랑구 23길 97
박현재,5d842de4ad,1997년 12월 15일,남성,대구광역시 달서구 39길 89
이영수,9cf3b53033,2003년 3월 20일,여성,대구광역시 남구 81길 52
오현서,d3e834af86,1980년 8월 25일,남성,서울특별시 중구 91길 12
오상주,a8584c59f9,2002년 3월 6일,남성,대구광역시 달성군 68길 30
임수재,f197839950,1996년 1월 6일,남성,대구광역시 달서구 42길 86
박상연,e9458cd10d,2000년 3월 10일,남성,대구광역시 대구광역시 43길 3
정수별,5ad5ff6d9e,1998년 10월 13일,남성,서울특별시 용산구 93길 83
오상숙,09068d199c,2009년 10월 14일,남성,대구광역시 수성구 69길 18
한민숙,0fa2c00698,2003년 12월 13일,남성,서울특별시 중구 67길 69
정은별,e6ce6f551c,2007년 1월 3일,남성,서울특별시 서초구 3길 7
조상재,813ff3d002,2004년 2월 22일,여성,대구광역시 대구광역시 39길 71
이수별,5f3f8ffb25,1999년 8월 4일,여성,서울특별시 도봉구 11길 15
조현지,2598349494,2002년 1월 9일,여성,대구광역시 남구 21길 35
정민숙,fc6773551c,2009년 8월 12일,남성,서울특별시 영등포구 24길 86
이은숙,8ec7e9130c,1981년 8월 19일,여성,대구광역시 달서구 37길 13
조수연,c9a72e49e6,2000년 10월 28일,남성,대구광역시 달서구 47길 82
이현주,611e5aaa81,2006년 8월 1일,여성,대구광역시 수성구 2길 43
김은재,abd6c6d9c1,2006년 2월 1일,여성,서울특별시 성북구 47길 64
임민연,c422eb863c,1990년 2월 5일,남성,대구광역시 북구 98길 69
강현훈,9fec471d6e,1992년 8월 14일,여성,대구광역시 달성군 3길 87
최현지,69d4631ba6,1995년 3월 25일,남성,서울특별시 동작구 58길 14
강민지,93c6489b42,2001년 7월 2일,여성,서울특별시 양천구 85길 90
조수서,3b541187a1,1983년 8월 27일,남성,서울특별시 서초구 5길 96
박현서,0df6cc4e2d,1984년 1월 30일,남성,대구광역시 중구 9길 20
박상숙,bc6ae349e9,2004년 1월 17일,남성,대구광역시 대구광역시 86길 53
김은숙,c3584f6f74,2001년 7월 17일,여성,서울특별시 송파구 4길 43
박은지,93b241b0c3,1996년 12월 2일,남성,대구광역시 군위군 53길 19
김상숙,072449449f,2007년 2월 4일,여성,대구광역시 동구 29길 37
이영연,efec5bbb9e,1993년 7월 13일,남성,대구광역시 대구광역시 19길 30
정상연,5726f77fd3,1993년 5월 7일,남성,대구광역시 중구 47길 11
김영훈,ada1b6d877,1983년 12월 6일,여성,서울특별시 금천구 37길 61
김현서,20d4f9683f,2007년 1월 22일,여성,대구광역시 동구 95길 43
김민수,2787ed492e,1984년 7월 10일,여성,대구광역시 북구 99길 97
강영훈,64da4ac150,1995년 10월 27일,남성,서울특별시 강북구 61길 15
오영숙,1b1837861b,2002년 7월 31일,남성,대구광역시 서구 10길 44
김은수,4aedf494c6,1991년 3월 14일,여성,서울특별시 동대문구 41길 89
임은숙,856f84c8ee,1981년 2월 28일,남성,대구광역시 군위군 31길 75
정은연,0a08a4ae82,1989년 3월 22일,남성,대구광역시 달성군 54길 44
조은재,4af6a84c2c,2007년 1월 16일,여성,서울특별시 동작구 30길 49
한현재,88ee247569,1990년 3월 8일,여성,서울특별시 마포구 33길 1
정수재,36a72d708b,1994년 2월 2일,남성,서울특별시 구로구 74길 56
한민서,c58036f32a,1995년 7월 1일,여성,서울특별시 양천구 16길 45
박영서,79388e81a4,1991년 8월 12일,여성,대구광역시 남구 100길 65
박현지,9fe4424169,2004년 10월 11일,여성,서울특별시 종로구 94길 83
임영수,5c2195befb,1983년 2월 18일,여성,대구광역시 북구 59길 19
강은수,88c3a7a114,2001년 2월 27일,남성,대구광역시 대구광역시 67길 48
최상별,67de67b37a,2008년 2월 24일,남성,서울특별시 서초구 57길 9
최수주,afc6d77cba,1990년 7월 27일,여성,서울특별시 송파구 86길 82
조수서,3b541187a1,2006년 5월 24일,여성,서울특별시 구로구 57길 76
임영서,a41fa169f2,1989년 5월 14일,여성,대구광역시 달서구 35길 5
김수숙,e5d3778697,1996년 7월 7일,남성,서울특별시 영등포구 1길 29
한민훈,8ecf8b2889,2000년 12월 31일,남성,대구광역시 남구 74길 30
임수주,7546acdb98,2006년 5월 12일,여성,서울특별시 용산구 49길 39
임수수,fb417e3ff1,1990년 8월 1일,여성,대구광역시 중구 58길 51
김상수,5b4006f4f2,2007년 2월 20일,남성,대구광역시 동구 83길 88
강상별,2c77bda646,2001년 5월 21일,여성,서울특별시 광진구 73길 86
한서주,82fe0c9188,1992년 12월 24일,여성,서울특별시 송파구 8길 35
임현수,27c2d41b2b,2009년 2월 26일,여성,대구광역시 수성구 13길 23
이영수,9cf3b53033,1990년 5월 30일,여성,대구광역시 중구 53길 76
조수재,ff5ee72efb,1981년 7월 8일,남성,대구광역시 서구 50길 42
강상지,35c926e668,1993년 3월 14일,여성,대구광역시 달서구 85길 69
박영연,3310c7d249,1983년 12월 8일,여성,대구광역시 중구 13길 92
정수주,cf3760ad1c,1985년 10월 27일,여성,대구광역시 대구광역시 53길 97
이수숙,1d9062ffb4,1985년 10월 5일,여성,서울특별시 금천구 49길 22
김상훈,d79c03bac4,1987년 10월 3일,남성,대구광역시 군위군 100길 82
조서숙,e27e8823c9,1983년 1월 10일,여성,서울특별시 종로구 66길 41
정영지,fe7b9e895b,1984년 8월 12일,남성,서울특별시 영등포구 6길 15
박민숙,7e5632ce59,1990년 1월 25일,여성,대구광역시 군위군 10길 65
이은훈,5106dafa60,1983년 12월 12일,여성,서울특별시 동대문구 65길 51
임수재,f197839950,2004년 8월 22일,남성,대구광역시 동구 67길 92
박민훈,187ee8cb0e,1996년 12월 7일,남성,서울특별시 구로구 89길 87
강영훈,64da4ac150,1981년 8월 10일,여성,서울특별시 양천구 87길 9
조수훈,ae8e85afb9,1987년 2월 28일,여성,대구광역시 군위군 81길 18
김은별,af18be8f76,1993년 10월 14일,남성,서울특별시 광진구 90길 60
강영주,25d1255539,1997년 8월 24일,여성,대구광역시 서구 92길 54
오영주,4c37c67a0c,2007년 7월 24일,여성,서울특별시 관악구 83길 26
정은지,a3a2df82f2,1998년 12월 30일,여성,대구광역시 북구 24길 52
조수별,0d5d113c26,2001년 7월 11일,여성,대구광역시 남구 90길 1
조은재,4af6a84c2c,2005년 8월 18일,남성,서울특별시 송파구 85길 99
한현수,4f5555cc9f,1987년 2월 28일,여성,대구광역시 달성군 36길 86
정민재,4c4d69a5e5,1984년 10월 6일,여성,서울특별시 중랑구 98길 71
조상재,813ff3d002,1986년 2월 20일,여성,대구광역시 북구 10길 5
오은지,7b6e0d32ca,2005년 7월 30일,남성,대구광역시 서구 74길 7
오은훈,0f41a06d0e,2002년 2월 19일,여성,서울특별시 용산구 57길 44
오상주,a8584c59f9,2009년 7월 3일,여성,서울특별시 은평구 99길 85
강민연,74fb692bcd,1997년 8월 7일,남성,대구광역시 중구 43길 2
김민별,6399a056f8,1994년 1월 7일,남성,대구광역시 중구 44길 46
정현재,304506b612,1997년 8월 28일,남성,대구광역시 수성구 32길 52
오현주,307e50f0e7,1980년 8월 18일,여성,대구광역시 달서구 89길 85
조상지,a0faa35d11,1993년 1월 16일,남성,서울특별시 서울특별시 94길 38
박민숙,7e5632ce59,1983년 10월 4일,남성,대구광역시 중구 85길 36
이민훈,aa2fb50f56,2002년 10월 8일,남성,대구광역시 달서구 96길 94
오현주,307e50f0e7,1984년 2월 2일,여성,대구광역시 군위군 97길 11
이현지,c7785ec43e,1998년 10월 26일,여성,서울특별시 양천구 70길 34
김영서,e6819a2c83,2001년 5월 4일,여성,서울특별시 강남구 30길 72
정상서,a7f418a2c8,2003년 7월 25일,남성,서울특별시 종로구 66길 44
임현숙,fc7e77a109,1981년 1월 24일,남성,대구광역시 대구광역시 31길 67
오은지,7b6e0d32ca,1982년 10월 14일,남성,대구광역시 남구 94길 52
박은주,5f8c7ecdc7,2006년 1월 5일,여성,대구광역시 동구 56길 15
정현연,f4630127ed,2008년 2월 15일,남성,서울특별시 동대문구 90길 41
정영서,6764fac9bc,2008년 8월 19일,여성,대구광역시 달서구 68길 2
정은연,0a08a4ae82,1988년 3월 10일,여성,대구광역시 북구 42길 70
김민지,92bd2b5183,2003년 3월 17일,남성,서울특별시 노원구 81길 85
임상수,9f3386a34b,2001년 8월 21일,남성,서울특별시 성동구 85길 75
조서숙,e27e8823c9,2005년 7월 26일,여성,서울특별시 종로구 95길 87
이서별,6ab88bf937,1981년 12월 15일,남성,서울특별시 용산구 72길 20
이수연,1224867293,1992년 8월 24일,여성,서울특별시 송파구 7길 4
한현지,0ac8a0f790,1983년 1월 16일,남성,서울특별시 양천구 39길 92
조민주,7dc3703a9b,1999년 1월 17일,여성,서울특별시 영등포구 99길 78
이수훈,59f045e646,2004년 1월 8일,여성,대구광역시 남구 81길 89
강서주,a6d63d5e6e,1981년 7월 26일,남성,서울특별시 강동구 39길 81
조서서,d9b3d83a4b,1981년 12월 29일,여성,대구광역시 남구 1길 64
한서훈,2190c62af3,2005년 12월 24일,남성,대구광역시 달성군 98길 4
이서수,b52c5720fd,2009년 8월 10일,남성,서울특별시 서대문구 81길 95
정현별,ab04260315,2000년 8월 21일,여성,대구광역시 수성구 42길 65
오민지,eec0d3dc40,1992년 2월 1일,남성,대구광역시 동구 9길 54
박은수,d96b26613c,1984년 7월 12일,남성,서울특별시 은평구 61길 52
이수재,8cd335db30,2003년 7월 14일,여성,대구광역시 군위군 59길 93
김민지,92bd2b5183,1980년 7월 20일,남성,대구광역시 서구 1길 82
최서숙,f22826e5b2,1987년 2월 27일,남성,대구광역시 달성군 28길 26
오영지,8e5d172f59,1982년 3월 10일,남성,대구광역시 서구 23길 26
이서별,6ab88bf937,1984년 5월 23일,여성,서울특별시 노원구 44길 33
임영주,5a629f9c91,2008년 12월 24일,남성,서울특별시 강동구 66길 32
오수별,536e07e49c,1998년 5월 14일,여성,대구광역시 대구광역시 18길 15
박수훈,5167c1bb8b,1993년 3월 27일,여성,서울특별시 노원구 84길 45
강민숙,1bacfa0d83,1996년 3월 30일,여성,서울특별시 도봉구 63길 33
최상재,5816038e1e,1988년 12월 24일,남성,대구광역시 달성군 52길 30
정서수,27093d5e4a,1998년 3월 15일,여성,서울특별시 도봉구 27길 75
정민재,4c4d69a5e5,1982년 12월 6일,여성,서울특별시 강북구 94길 49
박현지,9fe4424169,1989년 5월 14일,여성,서울특별시 서대문구 78길 50
박은재,6eefed24b2,2002년 7월 17일,여성,대구광역시 남구 5길 6
조상수,ecb60eb6c6,1994년 3월 10일,여성,서울특별시 은평구 72길 17
최수지,7bf5c65a5c,1991년 7월 26일,여성,대구광역시 달서구 76길 47
박민숙,7e5632ce59,1990년 12월 6일,여성,서울특별시 강서구 15길 66
조수수,dd1ce9a011,1986년 12월 12일,남성,대구광역시 동구 81길 85
임민지,72c5ebac98,2004년 8월 9일,여성,서울특별시 양천구 79길 94
한서훈,2190c62af3,1987년 3월 11일,남성,서울특별시 영등포구 12길 40
오영서,fdd84d7a1c,1980년 3월 9일,여성,대구광역시 군위군 83길 40
박영연,3310c7d249,2007년 7월 14일,남성,서울특별시 도봉구 31길 26
이상별,f37f9e11a6,1986년 3월 19일,남성,서울특별시 서울특별시 32길 6
김영서,e6819a2c83,1996년 12월 18일,남성,서울특별시 강북구 53길 76
최영재,f57f6f9a61,2005년 8월 5일,여성,대구광역시 달성군 7길 91
오상연,6293fe74a5,1995년 10월 9일,여성,서울특별시 용산구 1길 1
이은훈,5106dafa60,1984년 12월 4일,여성,서울특별시 중구 60길 38
박서지,c1737d07d8,1991년 3월 25일,남성,서울특별시 강북구 98길 69
정영재,50719aa770,1994년 5월 19일,여성,대구광역시 서구 70길 13
이은별,6238c31e64,1990년 8월 10일,남성,대구광역시 서구 67길 67
최서숙,f22826e5b2,2007년 7월 14일,여성,대구광역시 달서구 96길 34
이상지,6b7b888276,2009년 2월 18일,남성,서울특별시 마포구 97길 63
임은연,55068991c2,1993년 1월 17일,남성,서울특별시 서초구 99길 78
한수서,83edeb0443,1984년 5월 28일,여성,대구광역시 달서구 68길 14
오은훈,0f41a06d0e,1997년 2월 17일,여성,대구광역시 군위군 1길 59
임상지,3724460c2f,1994년 10월 29일,남성,대구광역시 남구 77길 52
강서연,0c9656d8fb,1982년 2월 28일,여성,대구광역시 대구광역시 59길 17
김상서,07ce117473,1986년 8월 5일,남성,서울특별시 성동구 11길 11
김서재,aa200f402c,1992년 2월 10일,여성,서울특별시 송파구 27길 8
정상숙,3a677dc663,1985년 7월 29일,남성,대구광역시 달서구 62길 15
한수숙,c619eaf69a,2008년 2월 23일,여성,대구광역시 달서구 5길 88
박현별,a2b67fc630,1984년 1월 11일,남성,대구광역시 수성구 56길 97
임은재,287a3c73e4,1988년 12월 7일,남성,대구광역시 대구광역시 82길 69
이상훈,8b2ddf545a,2002년 1월 23일,남성,대구광역시 남구 5길 94
김영별,924794b5b3,1986년 1월 27일,여성,대구광역시 중구 26길 88
조상재,813ff3d002,1985년 1월 27일,남성,서울특별시 은평구 71길 100
박민지,86682c3a22,1988년 7월 29일,남성,대구광역시 북구 19길 12
이현별,bee816e912,1989년 8월 24일,남성,대구광역시 동구 10길 43
최서수,2e32b96344,1997년 2월 19일,여성,서울특별시 양천구 30길 43
강상훈,3faaed085f,1984년 1월 14일,여성,대구광역시 남구 50길 54
강서별,ff6fc12bec,1983년 8월 16일,여성,대구광역시 동구 1길 49
정상수,c942e9b2c6,1981년 1월 25일,남성,서울특별시 성북구 91길 38
임민수,bfdc08ca96,1991년 3월 23일,남성,서울특별시 도봉구 56길 15
이서별,6ab88bf937,1981년 7월 18일,남성,대구광역시 중구 25길 28
박현서,0df6cc4e2d,1983년 3월 15일,남성,대구광역시 군위군 32길 98
김현훈,b93133f093,2003년 1월 19일,여성,대구광역시 수성구 65길 9
정서숙,c75d06bce2,2000년 1월 9일,남성,대구광역시 서구 94길 73
강은서,7f82e43b43,1983년 5월 24일,여성,대구광역시 남구 48길 59
박민수,565bd46dba,1986년 1월 7일,남성,대구광역시 군위군 58길 88
임수훈,734e6aea25,1991년 7월 4일,여성,서울특별시 동작구 17길 32
오영서,fdd84d7a1c,2009년 10월 31일,남성,대구광역시 동구 75길 37
최수훈,f6258161d4,2005년 2월 3일,남성,서울특별시 강북구 49길 75
오상별,a60774a4d5,1996년 10월 2일,남성,서울특별시 서울특별시 32길 95
이서주,2fe4c8f188,1981년 7월 4일,여성,대구광역시 북구 12길 34
한서주,82fe0c9188,2008년 12월 22일,여성,서울특별시 노원구 72길 100
최상재,5816038e1e,1982년 10월 22일,여성,서울특별시 강서구 8길 82
조서숙,e27e8823c9,2008년 7월 24일,남성,서울특별시 중구 46길 20
강서서,4b6dc30ad0,1991년 7월 31일,남성,서울특별시 송파구 23길 85
정서연,8e025eb562,1980년 5월 5일,여성,서울특별시 은평구 94길 32
이현서,e23397ee20,1984년 5월 24일,남성,서울특별시 구로구 4길 20
이서별,6ab88bf937,2008년 12월 16일,남성,서울특별시 송파구 6길 88
김상재,fedff20b7d,2006년 8월 12일,남성,서울특별시 서울특별시 59길 30
박상지,308b6bdbb0,1990년 12월 11일,여성,대구광역시 남구 94길 94
조영지,e319b5d8ba,1996년 2월 9일,여성,대구광역시 대구광역시 63길 55
최은숙,ec3adabee5,2008년 10월 13일,남성,서울특별시 종로구 31길 35
정은훈,8ab3d1c6b3,1982년 3월 7일,남성,대구광역시 대구광역시 76길 43
박수수,f8cbff5324,1997년 5월 19일,남성,서울특별시 서울특별시 26길 59
오현수,083058bd3f,1984년 10월 14일,여성,서울특별시 동대문구 75길 38
박민지,86682c3a22,1987년 3월 7일,남성,대구광역시 북구 68길 31
김현별,73b7bd9523,1997년 5월 16일,여성,대구광역시 북구 11길 76
임서주,a1ccb22935,1980년 1월 12일,여성,서울특별시 성북구 77길 81
이영재,9d5ce74f8a,2003년 2월 4일,여성,서울특별시 송파구 70길 21
임상숙,52485d21f2,2009년 8월 9일,남성,대구광역시 남구 69길 44
오영연,a431017b40,1984년 8월 29일,남성,대구광역시 달서구 89길 18
한민훈,8ecf8b2889,1985년 2월 8일,여성,서울특별시 용산구 21길 93
이서주,2fe4c8f188,1995년 5월 9일,남성,대구광역시 동구 80길 66
임수연,920702a4e0,2009년 3월 19일,남성,대구광역시 대구광역시 80길 94
오민수,d02f45885f,2000년 12월 22일,여성,대구광역시 달서구 65길 96
최영지,ccf8b66824,1994년 12월 3일,남성,대구광역시 수성구 84길 84
이현서,e23397ee20,1983년 2월 3일,남성,대구광역시 동구 4길 1
오서서,11a155e481,2003년 2월 14일,여성,대구광역시 중구 97길 53
정은지,a3a2df82f2,1983년 7월 19일,여성,서울특별시 금천구 71길 12
정민숙,fc6773551c,1994년 2월 16일,남성,서울특별시 용산구 19길 83
정현재,304506b612,1992년 7월 1일,남성,서울특별시 중구 48길 40
오상숙,09068d199c,1998년 1월 1일,남성,서울특별시 서울특별시 83길 38
김상별,57e2ce359d,1999년 2월 19일,여성,대구광역시 동구 92길 79
이상연,0d75ed3f36,1989년 5월 8일,여성,서울특별시 동작구 22길 79
정수주,cf3760ad1c,1992년 2월 2일,남성,대구광역시 중구 71길 99
한상연,b074d6440c,1981년 12월 1일,여성,대구광역시 서구 41길 19
오현재,f0dabd792e,2003년 8월 18일,남성,서울특별시 중구 8길 4
강민수,58eac1e171,2001년 12월 13일,남성,서울특별시 금천구 96길 57
최서주,0c14eac6ba,1997년 2월 13일,남성,대구광역시 대구광역시 44길 72
이수지,f3078cfd85,2002년 10월 24일,여성,서울특별시 강서구 13길 96
이현훈,5d1db2f009,1988년 12월 30일,여성,대구광역시 동구 66길 61
정서주,53ed7fcc36,1995년 12월 26일,여성,서울특별시 도봉구 76길 77
정은재,32ff5e876b,2006년 2월 1일,남성,대구광역시 군위군 4길 47
이은숙,8ec7e9130c,2000년 3월 20일,여성,대구광역시 서구 58길 92
이현연,79e79a4289,2008년 7월 4일,여성,서울특별시 영등포구 23길 40
임현주,fb38fcfb13,1980년 12월 13일,남성,서울특별시 양천구 33길 2
조민지,790d8a944b,1996년 12월 30일,여성,대구광역시 동구 87길 8
조민숙,25636c9173,1980년 7월 30일,남성,서울특별시 중구 80길 15
박수서,af2186ef63,1985년 5월 19일,여성,서울특별시 강서구 80길 60
박현지,9fe4424169,2001년 2월 1일,남성,서울특별시 강북구 61길 22
박수재,192b7383b8,1984년 12월 7일,여성,대구광역시 중구 44길 95
임서서,47b804256a,1997년 3월 23일,여성,서울특별시 중랑구 74길 1
조상연,bce745bd15,1996년 5월 5일,여성,대구광역시 남구 38길 41
박은수,d96b26613c,1985년 3월 28일,남성,대구광역시 동구 98길 99
오영훈,660b8ee252,1991년 10월 18일,남성,서울특별시 동대문구 75길 89
강민별,0c6e6e1a61,1992년 10월 13일,여성,대구광역시 남구 27길 92
박서훈,98916e9228,1981년 2월 28일,여성,대구광역시 남구 19길 34
정민재,4c4d69a5e5,1983년 2월 27일,남성,대구광역시 서구 2길 24
오상주,a8584c59f9,2000년 12월 13일,남성,서울특별시 강동구 41길 44
정상숙,3a677dc663,1987년 1월 15일,남성,서울특별시 송파구 1길 39
박영별,3dba66172a,1991년 2월 16일,여성,서울특별시 송파구 21길 78
한영훈,95e99a31f3,1985년 2월 12일,남성,서울특별시 강북구 11길 91
박상주,f17058ae9c,1981년 5월 24일,여성,서울특별시 강서구 38길 81
한수훈,a0d5db3de4,2008년 1월 5일,남성,대구광역시 중구 76길 32
오은주,e415c70690,2002년 5월 3일,남성,서울특별시 서울특별시 68길 16
오상재,b238398c2d,1986년 12월 4일,여성,서울특별시 동작구 71길 1
최은수,b5195d276f,2009년 3월 5일,남성,대구광역시 군위군 11길 21
오수훈,9af6f7d033,1980년 8월 28일,남성,대구광역시 달서구 49길 42
오영별,40c1bd47f8,2008년 7월 4일,여성,대구광역시 동구 6길 1
정수수,7df0841a4b,1986년 7월 26일,여성,서울특별시 동대문구 67길 77
임상수,9f3386a34b,1983년 2월 1일,남성,서울특별시 종로구 48길 12
강서서,4b6dc30ad0,2006년 7월 11일,남성,대구광역시 중구 25길 5
오현지,4af33c1098,1984년 3월 17일,남성,서울특별시 강동구 17길 97
임민재,a851732fbb,1983년 7월 9일,여성,대구광역시 남구 49길 41
한은서,4f5fa0b379,1984년 1월 27일,남성,대구광역시 동구 31길 90
정상서,a7f418a2c8,1989년 5월 13일,남성,대구광역시 수성구 82길 85
최민훈,ad193a76c2,2003년 12월 12일,남성,서울특별시 서대문구 39길 97
김은지,f7d651f64a,1980년 8월 3일,여성,대구광역시 북구 7길 25
박현서,0df6cc4e2d,1990년 10월 21일,남성,서울특별시 금천구 84길 75
최영지,ccf8b66824,1981년 7월 21일,여성,대구광역시 군위군 69길 86
강상별,2c77bda646,1998년 1월 8일,남성,대구광역시 달성군 88길 32
박민연,7f25439d1d,1992년 10월 1일,남성,서울특별시 광진구 39길 34
최민수,5b49ac3122,1997년 12월 19일,여성,서울특별시 금천구 14길 97
임상연,aa50037a9d,1983년 2월 15일,여성,서울특별시 마포구 80길 30
조상연,bce745bd15,2009년 1월 19일,여성,대구광역시 달서구 23길 53
이수서,c7883eff4a,1987년 12월 25일,여성,대구광역시 달서구 68길 82
강서훈,026649be3c,2002년 12월 8일,여성,대구광역시 수성구 24길 67
조은주,16df52cecc,1993년 3월 8일,남성,서울특별시 종로구 53길 10
정수수,7df0841a4b,2007년 2월 6일,여성,대구광역시 달서구 30길 76
오현주,307e50f0e7,2007년 3월 16일,남성,대구광역시 대구광역시 29길 53
강상주,f4f1bb5b99,1985년 10월 15일,여성,서울특별시 강동구 51길 80
최영훈,3c081386e3,2002년 2월 12일,여성,대구광역시 남구 55길 21
박수수,f8cbff5324,2009년 5월 28일,남성,서울특별시 서울특별시 81길 57
오서주,308fbbef17,1985년 10월 30일,남성,대구광역시 동구 28길 57
조영지,e319b5d8ba,1982년 2월 20일,여성,서울특별시 용산구 34길 97
임서지,0dec56125c,1996년 1월 11일,여성,대구광역시 수성구 16길 44
오영숙,1b1837861b,1981년 12월 5일,남성,대구광역시 중구 78길 35
박민숙,7e5632ce59,1989년 12월 18일,남성,대구광역시 군위군 86길 46
한영수,7e25bd4b6a,1995년 5월 25일,남성,대구광역시 군위군 72길 69
김영지,5269d898d4,1985년 10월 21일,여성,대구광역시 북구 83길 68
최수별,8d51ad18ea,2009년 8월 7일,여성,대구광역시 남구 21길 55
강수연,ad5894be8c,1998년 8월 27일,여성,대구광역시 달성군 11길 69
최영훈,3c081386e3,1994년 3월 15일,남성,서울특별시 양천구 50길 22
오서서,11a155e481,2003년 2월 8일,여성,대구광역시 남구 3길 81
조현지,2598349494,2009년 1월 17일,여성,대구광역시 남구 7길 30
정상수,c942e9b2c6,2008년 2월 15일,여성,대구광역시 수성구 78길 37
최서숙,f22826e5b2,2004년 12월 30일,여성,대구광역시 동구 61길 7
임민지,72c5ebac98,2001년 5월 1일,여성,대구광역시 달성군 24길 79
임상주,67c8dc5223,1981년 3월 17일,남성,서울특별시 송파구 2길 66
정서주,53ed7fcc36,1995년 12월 19일,남성,서울특별시 동작구 39길 57
김상재,fedff20b7d,1986년 8월 8일,남성,대구광역시 중구 83길 6
임영별,8539b3d25f,2008년 3월 18일,여성,대구광역시 달성군 53길 9
오영서,fdd84d7a1c,1998년 10월 25일,여성,대구광역시 북구 64길 40
이수수,63f0e5d196,2000년 5월 8일,여성,대구광역시 군위군 7길 28
임서별,95a6d33a9f,1994년 1월 23일,남성,서울특별시 도봉구 36길 61
최영별,f085f27d2c,1997년 3월 22일,남성,대구광역시 군위군 41길 48
박은주,5f8c7ecdc7,1996년 8월 7일,여성,서울특별시 강동구 5길 66
최수별,8d51ad18ea,2009년 10월 27일,남성,대구광역시 남구 58길 87
한은숙,dc9dd0e36d,2006년 8월 14일,남성,서울특별시 노원구 83길 82
임영별,8539b3d25f,2002년 2월 10일,남성,서울특별시 중구 62길 66
이서별,6ab88bf937,2008년 5월 29일,남성,대구광역시 동구 41길 45
정수주,cf3760ad1c,2007년 8월 12일,여성,서울특별시 강북구 14길 71
강현별,94181ddaf4,1989년 12월 13일,남성,서울특별시 중구 52길 34
박현수,83129b6242,1989년 7월 7일,남성,대구광역시 달성군 61길 21
정민서,6163beec28,1998년 3월 14일,여성,서울특별시 노원구 57길 76
정현주,062df72fec,2007년 12월 20일,여성,서울특별시 마포구 65길 80
김상재,fedff20b7d,1991년 5월 13일,남성,서울특별시 서대문구 37길 37
정상연,5726f77fd3,1991년 3월 8일,여성,서울특별시 강남구 93길 54
조민서,e906b26467,2004년 5월 8일,여성,서울특별시 서대문구 36길 89
박상재,7409edf021,1999년 1월 30일,여성,대구광역시 달서구 42길 55
한상주,00d662528c,1984년 1월 31일,남성,서울특별시 중구 38길 19
한현별,d480fe360f,2008년 10월 24일,여성,대구광역시 서구 55길 4
조현주,c28baf861a,1987년 7월 15일,남성,대구광역시 대구광역시 76길 84
오은수,2039d80f4a,1996년 8월 1일,남성,대구광역시 북구 76길 30
조민지,790d8a944b,1987년 3월 16일,남성,서울특별시 노원구 51길 96
이상서,3fe57b4597,1986년 3월 5일,남성,대구광역시 중구 77길 63
이상연,0d75ed3f36,1981년 8월 9일,여성,서울특별시 용산구 69길 31
임수재,f197839950,1999년 10월 10일,남성,서울특별시 송파구 26길 9
오상숙,09068d199c,2006년 3월 19일,여성,서울특별시 금천구 55길 49
정영서,6764fac9bc,1991년 3월 13일,남성,서울특별시 영등포구 67길 47
임현지,309de63916,1988년 7월 16일,여성,대구광역시 달성군 87길 73
정민훈,e50afc9552,1991년 8월 28일,남성,서울특별시 광진구 54길 10
최은훈,1de19793ac,1994년 1월 21일,남성,서울특별시 서초구 69길 68
정수재,36a72d708b,1986년 12월 3일,여성,서울특별시 용산구 67길 30